,Link,Name,Description,Price,Discounted_Price
0,,,,,
1,https://www.nike.com/in/t/terminator-high-shoes-gNkJFC/FJ4199-100,Nike Terminator High,Men's Shoes,MRP : ₹ 12 795.00,₹ 12 157.00
2,https://www.nike.com/in/t/blazer-phantom-low-shoes-WQbwhN/FN5820-100,Nike Blazer Phantom Low,Men's Shoes,MRP : ₹ 10 295.00,₹ 9 777.00
3,https://www.nike.com/in/t/air-max-1-86-shoes-3VSzbk/FB9647-001,Nike Air Max 1 '86 Premium,Men's Shoes,MRP : ₹ 15 995.00,₹ 15 197.00
4,https://www.nike.com/in/t/attack-shoes-XjFwRL/FB8938-001,Nike Attack,Men's Shoes,MRP : ₹ 10 795.00,₹ 10 257.00
5,https://www.nike.com/in/t/air-jordan-1-high-method-of-make-shoes-wvNP62/FB9891-001,Air Jordan 1 High Method of Make,Women's Shoes,MRP : ₹ 14 195.00,₹ 13 487.00
6,https://www.nike.com/in/t/sb-vertebrae-shoes-Zlnwhs/FD4691-102,Nike SB Vertebrae,Men's Shoes,MRP : ₹ 7 495.00,₹ 7 117.00
7,https://www.nike.com/in/t/air-max-ishod-shoes-pJPHs6/FB2393-103,Nike Air Max Ishod,Men's Shoes,MRP : ₹ 9 695.00,₹ 9 207.00
8,https://www.nike.com/in/t/blazer-mid-77-vintage-shoe-QzbLXN/DV7006-100,Nike Blazer Mid '77 Vintage,Women's Shoes,MRP : ₹ 9 695.00,₹ 9 207.00
9,https://www.nike.com/in/t/sportswear-tech-fleece-mid-rise-joggers-GJwhkZ/FB8331-013,Nike Sportswear Tech Fleece,Women's Mid-Rise Joggers,MRP : ₹ 6 295.00,₹ 5 977.00
10,https://www.nike.com/in/t/air-humara-shoes-gKlrMG/FB9982-200,Nike Air Humara,Women's Shoes,MRP : ₹ 14 995.00,₹ 14 247.00
11,https://www.nike.com/in/t/air-jordan-5-retro-lucky-green-shoes-Zts2wQ/DD9336-103,Air Jordan 5 Retro 'Lucky Green',Women's Shoes,MRP : ₹ 18 395.00,₹ 17 477.00
12,https://www.nike.com/in/t/dunk-low-retro-shoes-bCzchX/DV0833-105,Nike Dunk Low Retro,Men's Shoes,MRP : ₹ 8 695.00,₹ 8 257.00
13,https://www.nike.com/in/t/dunk-low-shoes-J0nf5G/HF4299-001,Nike Dunk Low,Men's Shoes,MRP : ₹ 11 895.00,₹ 11 297.00
14,https://www.nike.com/in/t/flyby-mid-3-basketball-shoes-jFHsxb/DD9311-003,Nike Fly.By Mid 3,Basketball Shoes,MRP : ₹ 4 995.00,₹ 4 747.00
15,https://www.nike.com/in/t/air-jordan-1-low-se-craft-older-shoes-hfhvfK/FN7431-100,Air Jordan 1 Low SE Craft,Older Kids' Shoes,MRP : ₹ 8 695.00,₹ 8 257.00
16,https://www.nike.com/in/t/dunk-low-shoes-g54Fbv/FQ6965-700,Nike Dunk Low,Men's Shoes,MRP : ₹ 11 895.00,₹ 11 297.00
17,https://www.nike.com/in/t/air-max-1-86-shoes-pPpnZV/DO9844-101,Nike Air Max 1 '86 Premium,Shoes,MRP : ₹ 13 995.00,₹ 13 297.00
18,https://www.nike.com/in/t/kawa-younger-older-slide-GLCZVf/DD8519-001,Nike Kawa,Younger and Older Kids' Slide,MRP : ₹ 1 595.00,₹ 1 517.00
19,https://www.nike.com/in/t/blazer-mid-77-shoes-xfpQWg/FZ1157-100,Nike Blazer Mid '77,Baby/Toddler Shoes,MRP : ₹ 5 095.00,₹ 4 837.00
20,https://www.nike.com/in/t/dunk-low-retro-shoes-bCzchX/DV0833-800,Nike Dunk Low Retro,Men's Shoes,MRP : ₹ 8 695.00,₹ 8 257.00
21,https://www.nike.com/in/t/acg-moc-shoes-hSTKL1/FV4574-500,Nike ACG Moc Premium,Men's Shoes,MRP : ₹ 8 695.00,₹ 8 257.00
22,https://www.nike.com/in/t/acg-torre-mid-waterproof-shoes-qNT3xc/FD0212-201,Nike ACG Torre Mid Waterproof,Men's Shoes,MRP : ₹ 14 995.00,₹ 14 247.00
23,https://www.nike.com/in/t/luka-2-pf-basketball-shoes-LM9ScX/DX9012-017,Luka 2 PF,Basketball Shoes,MRP : ₹ 11 895.00,₹ 11 297.00
24,https://www.nike.com/in/t/ispa-link-axis-shoes-p2gV6M/FZ3507-002,Nike ISPA Link Axis,Men's Shoes,MRP : ₹ 26 795.00,₹ 25 457.00
25,https://www.nike.com/in/t/air-jordan-xxxviii-low-pf-basketball-shoes-2lBnKn/FD2325-004,Air Jordan XXXVIII Low PF,Basketball Shoes,MRP : ₹ 17 295.00,₹ 16 427.00
26,https://www.nike.com/in/t/sportswear-forward-cargo-tote-71QHV8/FB3038-084,Nike Sportswear Forward,Cargo Tote (12L),MRP : ₹ 6 495.00,₹ 6 167.00
27,https://www.nike.com/in/t/dunk-low-next-nature-se-shoes-6b4JcJ/FN6344-001,Nike Dunk Low Next Nature SE,Women's Shoes,MRP : ₹ 10 795.00,₹ 10 257.00
28,https://www.nike.com/in/t/air-max-1-86-og-shoes-kKDKXZ/FZ2149-100,Nike Air Max 1 '86 OG,Men's Shoes,MRP : ₹ 13 995.00,₹ 13 297.00
29,https://www.nike.com/in/t/sb-day-one-older-skate-shoes-WK6SND/FN4210-400,Nike SB Day One,Older Kids' Skate Shoes,MRP : ₹ 6 295.00,₹ 5 977.00
30,https://www.nike.com/in/t/blazer-low-pro-club-shoes-v1TLgx/FJ3694-101,Nike Blazer Low Pro Club,Men's Shoes,MRP : ₹ 8 695.00,₹ 8 257.00
31,https://www.nike.com/in/t/air-max-1-shoes-PZjm4T/FN6952-100,Nike Air Max 1,Men's Shoes,MRP : ₹ 12 795.00,₹ 12 157.00
32,https://www.nike.com/in/t/attack-shoes-Kcvz5T/FZ2097-101,Nike Attack,Men's Shoes,MRP : ₹ 12 795.00,₹ 12 157.00
33,https://www.nike.com/in/t/tanjun-easyon-shoes-GqNnp3/DV7775-101,Nike Tanjun EasyOn,Men's Shoes,MRP : ₹ 5 695.00,₹ 5 407.00
34,https://www.nike.com/in/t/free-rn-nn-road-running-shoes-D64TzS/FB1276-104,Nike Free RN NN,Men's Road Running Shoes,MRP : ₹ 8 695.00,₹ 8 257.00
35,https://www.nike.com/in/t/acg-watercat-shoes-V0Q39L/FN5202-100,Nike ACG Watercat+,Shoes,MRP : ₹ 11 495.00,₹ 10 917.00
36,https://www.nike.com/in/t/acg-watercat-shoes-V0Q39L/FN5202-300,Nike ACG Watercat+,Shoes,MRP : ₹ 11 495.00,₹ 10 917.00
37,https://www.nike.com/in/t/jordan-stay-loyal-3-shoes-GNHN2X/FB1396-004,Jordan Stay Loyal 3,Men's shoes,MRP : ₹ 10 295.00,₹ 9 777.00
38,https://www.nike.com/in/t/pro-dri-fit-shorts-8jxLsr/DD1918-010,Nike Pro Dri-FIT,Men's Shorts,MRP : ₹ 1 495.00,₹ 1 417.00
39,https://www.nike.com/in/t/attack-shoes-TqB0B2/HF4317-133,Nike Attack Premium,Shoes,MRP : ₹ 12 795.00,₹ 12 157.00
40,https://www.nike.com/in/t/terminator-high-shoes-p004ZJ/FV9350-100,Nike Terminator High,Men's Shoes,MRP : ₹ 12 795.00,₹ 12 157.00
41,https://www.nike.com/in/t/air-flight-lite-mid-shoes-sFr84z/FJ2949-001,Nike Air Flight Lite Mid,Men's Shoes,MRP : ₹ 12 795.00,₹ 12 157.00
42,https://www.nike.com/in/t/air-max-1-shoes-KcSx0w/HF4312-100,Nike Air Max 1,Men's Shoes,MRP : ₹ 12 795.00,₹ 12 157.00
43,https://www.nike.com/in/t/air-vapormax-2023-flyknit-shoes-4LVgjW/DV6840-100,Nike Air VaporMax 2023 Flyknit,Women's Shoes,MRP : ₹ 19 295.00,₹ 18 327.00
44,https://www.nike.com/in/t/jordan-hex-mule-shoes-JTHQcM/DX6405-201,Jordan Hex Mule,Women's Shoes,MRP : ₹ 4 995.00,₹ 4 747.00
45,https://www.nike.com/in/t/lebron-nxxt-gen-ampd-ep-basketball-shoes-G2Xh7F/FJ1567-102,LeBron NXXT Gen AMPD EP,Basketball Shoes,MRP : ₹ 14 995.00,₹ 14 247.00
46,https://www.nike.com/in/t/alate-coverage-support-padded-sports-bra-bNHtWb/DM0531-207,Nike Alate Coverage,Women's Medium-Support Padded Sports Bra,MRP : ₹ 2 795.00,₹ 2 657.00
47,https://www.nike.com/in/t/air-max-1-shoes-PZjm4T/FN6952-102,Nike Air Max 1,Men's Shoes,MRP : ₹ 12 795.00,₹ 12 157.00
48,https://www.nike.com/in/t/jordan-stadium-90-shoes-0cSSz3/FB2269-001,Jordan Stadium 90,Women's Shoes,MRP : ₹ 12 795.00,₹ 12 157.00
49,https://www.nike.com/in/t/freak-5-ep-basketball-shoes-dPwdt7/DX4996-003,Freak 5 EP,Basketball Shoes,MRP : ₹ 11 495.00,₹ 10 917.00
50,https://www.nike.com/in/t/air-force-1-07-lx-shoes-SGsVWx/DZ2708-400,Nike Air Force 1 '07 LX,Women's Shoes,MRP : ₹ 11 895.00,₹ 11 297.00
51,https://www.nike.com/in/t/jordan-sophia-slides-zJjKQC/FZ7012-600,Jordan Sophia,Women's Slides,MRP : ₹ 7 495.00,₹ 7 117.00
52,https://www.nike.com/in/t/air-max-1-easyon-shoes-K6x2mJ/DZ3309-004,Air Max 1 EasyOn,Baby/Toddler Shoes,MRP : ₹ 5 695.00,₹ 5 407.00
53,https://www.nike.com/in/t/air-jordan-1-zoom-cmft-2-shoes-nX8Qqx/DV1307-130,Air Jordan 1 Zoom CMFT 2,Men's Shoes,MRP : ₹ 13 295.00,₹ 12 627.00
54,https://www.nike.com/in/t/air-vapormax-2023-flyknit-shoes-JdMqJ0/FD3148-001,Nike Air VaporMax 2023 Flyknit,Women's shoes,MRP : ₹ 19 695.00,₹ 18 707.00
55,https://www.nike.com/in/t/lebron-xxi-tahitian-older-basketball-shoes-Q0HDBH/FB7699-001,LeBron XXI 'Tahitian',Older Kids' Basketball Shoes,MRP : ₹ 11 295.00,₹ 10 727.00
56,https://www.nike.com/in/t/air-max-1-easyon-shoes-K6x2mJ/DZ3309-104,Air Max 1 EasyOn,Baby/Toddler Shoes,MRP : ₹ 5 695.00,₹ 5 407.00
57,https://www.nike.com/in/t/lebron-xxi-ep-basketball-shoes-4tVgfH/FV2346-302,LeBron XXI EP,Basketball Shoes,MRP : ₹ 18 395.00,₹ 17 477.00
58,https://www.nike.com/in/t/air-humara-shoes-cMxm2B/FJ7109-002,Nike Air Humara,Men's Shoes,MRP : ₹ 14 995.00,₹ 14 247.00
59,https://www.nike.com/in/t/air-max-90-lv8-shoes-5KhTdP/FD4328-103,Nike Air Max 90 LV8,Women's Shoes,MRP : ₹ 12 795.00,₹ 12 157.00
60,https://www.nike.com/in/t/terminator-high-shoes-gNkJFC/FJ4199-001,Nike Terminator High,Men's Shoes,MRP : ₹ 12 795.00,₹ 12 157.00
61,https://www.nike.com/in/t/air-max-270-shoes-7nlkr3/FZ3624-100,Nike Air Max 270,Women's Shoes,MRP : ₹ 14 995.00,₹ 14 247.00
62,https://www.nike.com/in/t/air-max-1-shoes-9JTw1z/HF7746-100,Nike Air Max 1 Premium,Men's Shoes,MRP : ₹ 14 995.00,₹ 14 247.00
63,https://www.nike.com/in/t/lebron-nxxt-gen-ampd-ep-basketball-shoes-G2Xh7F/FJ1567-100,LeBron NXXT Gen AMPD EP,Basketball Shoes,MRP : ₹ 14 995.00,₹ 14 247.00
64,https://www.nike.com/in/t/sportswear-essential-mid-rise-trousers-NST6cV/DM6184-010,Nike Sportswear Essential,Women's Mid-Rise Trousers,MRP : ₹ 4 295.00,₹ 4 077.00
65,https://www.nike.com/in/t/jordan-essentials-chicago-jacket-656qLG/FN4527-010,Jordan Essentials Chicago,Men's Jacket,MRP : ₹ 6 995.00,₹ 6 647.00
66,https://www.nike.com/in/t/force-1-low-lv8-easyon-shoes-l7Ldhb/HF5350-001,Nike Force 1 Low LV8 EasyOn,Baby/Toddler Shoes,MRP : ₹ 5 695.00,₹ 5 407.00
67,https://www.nike.com/in/t/air-max-plus-shoes-qLm7SQ/HF5386-001,Nike Air Max Plus,Women's Shoes,MRP : ₹ 16 995.00,₹ 16 147.00
68,https://www.nike.com/in/t/air-max-90-ltr-shoes-w1xd13/CD6868-125,Nike Air Max 90 LTR,Baby/Toddler Shoes,MRP : ₹ 4 995.00,₹ 4 747.00
69,https://www.nike.com/in/t/sportswear-older-dri-fit-crew-neck-sweatshirt-pjlcBb/FN8652-072,Nike Sportswear,Older Kids' (Girls') Dri-FIT Crew-Neck Sweatshirt,MRP : ₹ 2 695.00,₹ 2 557.00
70,https://www.nike.com/in/t/phantom-luna-2-elite-fg-high-top-football-boot-kvD5sX/FJ2572-100,Nike Phantom Luna 2 Elite,FG High-Top Football Boot,MRP : ₹ 23 795.00,₹ 22 607.00
71,https://www.nike.com/in/t/zion-3-mud-light-bone-pf-basketball-shoes-gTv8md/FN1778-040,"Zion 3 M.U.D. ""Light Bone"" PF",Basketball Shoes,MRP : ₹ 13 995.00,₹ 13 297.00
72,https://www.nike.com/in/t/zion-3-rising-pf-basketball-shoes-txLZ0h/FZ1322-601,Zion 3 'Rising' PF,Basketball Shoes,MRP : ₹ 13 995.00,₹ 13 297.00
73,https://www.nike.com/in/t/air-zoom-victory-tour-3-nrg-golf-shoes-FW2tG7/FJ2242-100,Nike Air Zoom Victory Tour 3 NRG,Golf Shoes (Extra Wide),MRP : ₹ 19 295.00,₹ 18 327.00
74,https://www.nike.com/in/t/revolution-7-shoes-Bv4Wl1/FB7691-401,Nike Revolution 7,Baby/Toddler Shoes,MRP : ₹ 3 095.00,₹ 2 937.00
75,https://www.nike.com/in/t/air-vapormax-2023-flyknit-shoes-xjVzw5/DV1678-200,Nike Air VaporMax 2023 Flyknit,Men's Shoes,MRP : ₹ 19 295.00,₹ 18 327.00
76,https://www.nike.com/in/t/fff-football-long-sleeve-striped-top-3wfKsW/FZ1574-121,FFF,Women's Nike Football Long-Sleeve Striped Top,MRP : ₹ 3 995.00,₹ 3 797.00
77,https://www.nike.com/in/t/force-1-low-easyon-shoes-kGpRmV/FN0236-107,Nike Force 1 Low EasyOn,Baby/Toddler Shoes,MRP : ₹ 4 595.00,₹ 4 367.00
78,https://www.nike.com/in/t/acg-air-exploraid-shoes-snLbzJ/FJ1920-400,Nike ACG Air Exploraid,Men's Shoes,MRP : ₹ 12 795.00,₹ 12 157.00
79,https://www.nike.com/in/t/react-gato-indoor-court-low-top-football-shoes-pQBhgB/CT0550-500,Nike React Gato,Indoor Court Low-Top Football Shoes,MRP : ₹ 11 995.00,₹ 11 397.00
80,https://www.nike.com/in/t/phantom-luna-2-elite-fg-high-top-football-boot-kvD5sX/FJ2572-001,Nike Phantom Luna 2 Elite,FG High-Top Football Boot,MRP : ₹ 23 795.00,₹ 22 607.00
81,https://www.nike.com/in/t/sportswear-amplify-older-woven-shorts-R1CCcX/FN9131-361,Nike Sportswear Amplify,Older Kids' Woven Shorts,MRP : ₹ 2 495.00,₹ 2 367.00
82,https://www.nike.com/in/t/victory-pro-3-golf-shoes-ZhwcJ8/DX9028-010,Nike Victory Pro 3,Men's Golf Shoe (Wide),MRP : ₹ 10 795.00,₹ 10 257.00
83,https://www.nike.com/in/t/phantom-luna-2-academy-tf-high-top-football-shoes-BmGW0z/FJ2566-600,Nike Phantom Luna 2 Academy,TF High-Top Football Shoes,MRP : ₹ 8 995.00,₹ 8 547.00
84,https://www.nike.com/in/t/air-max-1-se-easyon-shoes-pwJB3S/FJ3287-200,Nike Air Max 1 SE EasyOn,Baby/Toddler Shoes,MRP : ₹ 6 295.00,₹ 5 977.00
85,https://www.nike.com/in/t/air-max-1-se-easyon-shoes-d98QNd/FN4785-100,Nike Air Max 1 SE EasyOn,Baby/Toddler Shoes,MRP : ₹ 6 295.00,₹ 5 977.00
86,https://www.nike.com/in/t/dri-fit-all-over-print-short-sleeve-yoga-top-fHz8s2/DX0923-060,Nike Dri-FIT,Men's All-Over Print Short-Sleeve Yoga Top,MRP : ₹ 3 695.00,₹ 3 507.00
87,https://www.nike.com/in/t/air-max-systm-shoes-x3Bgkf/DQ0286-114,Nike Air Max SYSTM,Baby/Toddler Shoes,MRP : ₹ 4 495.00,₹ 4 267.00
88,https://www.nike.com/in/t/invincible-3-road-running-shoes-LL61DX/DR2660-601,Nike Invincible 3,Women's Road Running Shoes,MRP : ₹ 16 995.00,₹ 16 147.00
89,https://www.nike.com/in/t/star-runner-3-shoes-7321HF/DA2778-601,Nike Star Runner 3,Baby/Toddler Shoes,MRP : ₹ 2 995.00,₹ 2 847.00
90,https://www.nike.com/in/t/jr-phantom-gx-2-academy-younger-older-mg-low-top-football-boot-wj3C9K/FD6722-600,Nike Jr. Phantom GX 2 Academy,Younger/Older Kids' MG Low-Top Football Boot,MRP : ₹ 5 995.00,₹ 5 697.00
91,https://www.nike.com/in/t/phantom-luna-2-academy-mg-high-top-football-boot-15SPD6/FD6725-600,Nike Phantom Luna 2 Academy,MG High-Top Football Boot,MRP : ₹ 8 995.00,₹ 8 547.00
92,https://www.nike.com/in/t/one-older-dri-fit-short-sleeve-training-top-gBVNcB/DD7639-010,Nike One,Older Kids' (Girls') Dri-FIT Short-Sleeve Training Top,MRP : ₹ 1 395.00,₹ 1 327.00
93,https://www.nike.com/in/t/air-zoom-infinity-tour-nrg-golf-shoes-Cm8s6r/FN6848-001,Nike Air Zoom Infinity Tour NRG,Golf Shoes (Wide),MRP : ₹ 17 495.00,₹ 16 617.00
94,https://www.nike.com/in/t/air-max-270-and-shoe-BJTBHf/DD1646-001,Nike Air Max 270,Baby & Toddler Shoe,MRP : ₹ 6 495.00,₹ 6 167.00
95,https://www.nike.com/in/t/jordan-artist-series-by-darien-birks-shorts-0lszRR/HF5480-462,Jordan Artist Series by Darien Birks,Women's Shorts,MRP : ₹ 3 695.00,₹ 3 507.00
96,https://www.nike.com/in/t/paris-saint-germain-2023-24-match-home-dri-fit-adv-football-shirt-DGXvFd/DX2620-411,Paris Saint-Germain 2023/24 Match Home,Men's Nike Dri-FIT ADV Football Shirt,MRP : ₹ 7 995.00,₹ 7 597.00
97,https://www.nike.com/in/t/zoom-superfly-elite-2-athletics-sprinting-spikes-bDFmq0/CD4382-400,Nike Zoom Superfly Elite 2,Athletics Sprinting Spikes,MRP : ₹ 13 995.00,₹ 13 297.00
98,https://www.nike.com/in/t/dri-fit-all-over-print-short-sleeve-yoga-top-fHz8s2/DX0923-015,Nike Dri-FIT,Men's All-Over Print Short-Sleeve Yoga Top,MRP : ₹ 3 695.00,₹ 3 507.00
99,https://www.nike.com/in/t/sportswear-tech-fleece-older-joggers-pZJx3L/FD2975-019,Nike Sportswear Tech Fleece,Older Kids' (Girls') Joggers,MRP : ₹ 4 795.00,₹ 4 557.00
100,https://www.nike.com/in/t/dri-fit-basketball-t-shirt-7wsVgn/FJ2303-010,Nike Dri-FIT,Men's Basketball T-shirt,MRP : ₹ 1 795.00,₹ 1 707.00
101,https://www.nike.com/in/t/zenvy-tie-dye-gentle-support-high-waisted-7-8-leggings-ZNLVWJ/FN4168-208,Nike Zenvy Tie-Dye,Women's Gentle-Support High-Waisted 7/8 Leggings,MRP : ₹ 5 495.00,₹ 5 217.00
102,https://www.nike.com/in/t/air-max-pulse-shoes-QShhG8/DR0453-003,Nike Air Max Pulse,Men's Shoes,MRP : ₹ 13 995.00,₹ 13 297.00
103,https://www.nike.com/in/t/sportswear-essential-slim-fit-crop-t-shirt-x17vLn/FB2874-361,Nike Sportswear Essential,Women's Slim-fit Crop T-Shirt,MRP : ₹ 1 995.00,₹ 1 897.00
104,https://www.nike.com/in/t/jordan-flight-mvp-t-shirt-pzSg1T/FN5958-010,Jordan Flight MVP,Men's T-Shirt,MRP : ₹ 1 995.00,₹ 1 897.00
105,https://www.nike.com/in/t/air-jordan-1-low-se-older-shoes-JTBc4n/FN9137-131,Air Jordan 1 Low SE,Older Kids' Shoes,MRP : ₹ 8 295.00,₹ 7 877.00
106,https://www.nike.com/in/t/trail-dri-fit-long-sleeve-running-top-8Lm6Jq/FN4707-104,Nike Trail,Women's Dri-FIT Long-Sleeve Running Top,MRP : ₹ 3 895.00,₹ 3 697.00
107,https://www.nike.com/in/t/dynamo-go-easy-on-off-shoes-st92bW/DH3438-100,Nike Dynamo Go,Baby/Toddler Easy On/Off Shoes,MRP : ₹ 3 995.00,₹ 3 797.00
108,https://www.nike.com/in/t/jumpman-mvp-shoes-JV1HCs/DZ4475-103,Jumpman MVP,Men's Shoes,MRP : ₹ 15 295.00,₹ 14 527.00
109,https://www.nike.com/in/t/tour-dri-fit-adv-short-sleeve-golf-polo-VwmM3d/FD5496-511,Nike Tour,Women's Dri-FIT ADV Short-Sleeve Golf Polo,MRP : ₹ 3 695.00,₹ 3 507.00
110,https://www.nike.com/in/t/air-max-90-futura-shoes-SLTPS0/DV7190-102,Nike Air Max 90 Futura,Women's Shoes,MRP : ₹ 12 795.00,₹ 12 157.00
111,https://www.nike.com/in/t/air-max-scorpion-flyknit-shoes-4dWrx1/DJ4701-003,Nike Air Max Scorpion Flyknit,Men's Shoes,MRP : ₹ 22 995.00,₹ 21 847.00
112,https://www.nike.com/in/t/air-max-2013-shoes-R0MndC/HF4887-873,Nike Air Max 2013,Men's Shoes,MRP : ₹ 16 995.00,₹ 16 147.00
113,https://www.nike.com/in/t/air-vapormax-2023-flyknit-shoes-4LVgjW/DV6840-002,Nike Air VaporMax 2023 Flyknit,Women's Shoes,MRP : ₹ 19 295.00,₹ 18 327.00
114,https://www.nike.com/in/t/fc-barcelona-academy-pro-dri-fit-pre-match-football-top-zlBCQ2/DX3610-464,F.C. Barcelona Academy Pro,Men's Nike Dri-FIT Pre-Match Football Top,MRP : ₹ 3 795.00,₹ 3 607.00
115,https://www.nike.com/in/t/gt-cut-3-ep-basketball-shoes-DGJp2L/DV2918-002,Nike G.T. Cut 3 EP,Basketball Shoes,MRP : ₹ 17 495.00,₹ 16 617.00
116,https://www.nike.com/in/t/air-max-270-and-shoe-BJTBHf/DD1646-117,Nike Air Max 270,Baby & Toddler Shoe,MRP : ₹ 6 495.00,₹ 6 167.00
117,https://www.nike.com/in/t/jordan-sport-tunnel-trousers-B1BrVL/FB4659-457,Jordan Sport,Women's Tunnel Trousers,MRP : ₹ 5 995.00,₹ 5 697.00
118,https://www.nike.com/in/t/life-carpenter-trousers-cK2f7Q/FB7199-010,Nike Life,Men's Carpenter Trousers,MRP : ₹ 5 995.00,₹ 5 697.00
119,https://www.nike.com/in/t/infinityrn-4-road-running-shoes-xhpmN7/DR2670-003,Nike InfinityRN 4,Women's Road Running Shoes,MRP : ₹ 14 995.00,₹ 14 247.00
120,https://www.nike.com/in/t/infinity-flow-younger-shoes-NQr3qF/FD6061-003,Nike Infinity Flow,Younger Kids' Shoes,MRP : ₹ 6 495.00,₹ 6 167.00
121,https://www.nike.com/in/t/blazer-low-77-vintage-shoes-tVsDk0/FQ8060-100,Nike Blazer Low '77 Vintage,Women's Shoes,MRP : ₹ 8 695.00,₹ 8 257.00
122,https://www.nike.com/in/t/air-t-shirt-x9gnlB/DX7919-121,Nike Air,Women's T-Shirt,MRP : ₹ 2 595.00,₹ 2 467.00
123,https://www.nike.com/in/t/air-max-270-and-shoe-BJTBHf/DD1646-002,Nike Air Max 270,Baby & Toddler Shoe,MRP : ₹ 6 495.00,₹ 6 167.00
124,https://www.nike.com/in/t/air-max-1-easyon-shoes-K6x2mJ/DZ3309-108,Air Max 1 EasyOn,Baby/Toddler Shoes,MRP : ₹ 5 695.00,₹ 5 407.00
125,https://www.nike.com/in/t/air-max-1-86-og-shoes-TBTV24/FN8358-200,Nike Air Max 1 '86 OG,Men's Shoes,MRP : ₹ 13 995.00,₹ 13 297.00
126,https://www.nike.com/in/t/air-humara-shoes-cMxm2B/FJ7109-003,Nike Air Humara,Men's Shoes,MRP : ₹ 14 995.00,₹ 14 247.00
127,https://www.nike.com/in/t/life-long-sleeve-oxford-button-down-shirt-H3HB1W/FN3126-307,Nike Life,Men's Long-Sleeve Oxford Button-Down Shirt,MRP : ₹ 4 995.00,₹ 4 747.00
128,https://www.nike.com/in/t/tank-WVt89h/DR2556-010,Nike (M),Women's Tank (Maternity),MRP : ₹ 2 495.00,₹ 2 367.00
129,https://www.nike.com/in/t/air-max-1-86-og-g-golf-shoes-7QZsWP/DV1403-117,Nike Air Max 1 '86 OG G,Men's Golf Shoes,MRP : ₹ 13 995.00,₹ 13 297.00
130,https://www.nike.com/in/t/air-vapormax-2023-flyknit-shoes-JdMqJ0/FD3148-002,Nike Air VaporMax 2023 Flyknit,Women's shoes,MRP : ₹ 19 695.00,₹ 18 707.00
131,https://www.nike.com/in/t/one-classic-dri-fit-short-sleeve-cropped-twist-top-3hW7tp/FN2852-376,Nike One Classic,Women's Dri-FIT Short-Sleeve Cropped Twist Top,MRP : ₹ 1 995.00,₹ 1 897.00
132,https://www.nike.com/in/t/ja-morant-memphis-grizzlies-2024-select-series-dri-fit-nba-swingman-jersey-FDqCpq/FN5915-053,Ja Morant Memphis Grizzlies 2024 Select Series,Men's Nike Dri-FIT NBA Swingman Jersey,MRP : ₹ 7 995.00,₹ 7 597.00
133,https://www.nike.com/in/t/sportswear-over-oversized-cardigan-T5dSRM/FZ4735-133,Nike Sportswear,Women's Over-Oversized Cardigan,MRP : ₹ 4 295.00,₹ 4 077.00
134,https://www.nike.com/in/t/sportswear-sleeveless-jersey-wave-dye-top-2rpDZk/DV7925-113,Nike Sportswear,Women's Sleeveless Jersey Wave Dye Top,MRP : ₹ 3 295.00,₹ 3 127.00
135,https://www.nike.com/in/t/jordan-heritage-t-shirt-KWjP5M/FN5424-010,Jordan Heritage,Women's T-shirt,MRP : ₹ 2 295.00,₹ 2 177.00
136,https://www.nike.com/in/t/sportswear-chill-knit-slim-long-sleeve-cropped-jumper-1-2-zip-top-kmMKXD/FN4690-104,Nike Sportswear Chill Knit,Women's Slim Long-Sleeve Cropped Jumper 1/2-Zip Top,MRP : ₹ 4 995.00,₹ 4 747.00
137,https://www.nike.com/in/t/flyknit-bloom-shoes-xQ1Jdr/FD2149-200,Nike Flyknit Bloom,Women's Shoes,MRP : ₹ 13 995.00,₹ 13 297.00
138,https://www.nike.com/in/t/lunar-roam-shoes-czbgcZ/HJ8999-100,Nike Lunar Roam,Men's Shoes,MRP : ₹ 13 995.00,₹ 13 297.00
139,https://www.nike.com/in/t/jordan-tank-gT4vLx/DX4700-607,Jordan,Women's Tank,MRP : ₹ 2 295.00,₹ 2 177.00
140,https://www.nike.com/in/t/air-max-plus-shoes-gPHkkf/FV8480-001,Nike Air Max Plus,Women's Shoes,MRP : ₹ 16 995.00,₹ 16 147.00
141,https://www.nike.com/in/t/jordan-renegade-jacket-S26CkB/FN5674-133,Jordan Renegade,Women's Jacket,MRP : ₹ 10 995.00,₹ 10 447.00
142,https://www.nike.com/in/t/flyknit-haven-shoes-Rl3vMk/FD2148-001,Nike Flyknit Haven,Women's Shoes,MRP : ₹ 10 795.00,₹ 10 257.00
143,https://www.nike.com/in/t/sportswear-knit-trousers-l2TQxh/HF4608-276,Nike Sportswear,Women's Knit Trousers,MRP : ₹ 4 295.00,₹ 4 077.00
144,https://www.nike.com/in/t/air-older-french-terry-trousers-66jvmM/FN8612-208,Nike Air,Older Kids' (Girls') French Terry Trousers,MRP : ₹ 3 495.00,₹ 3 317.00
145,https://www.nike.com/in/t/jordan-one-take-5-quai-54-pf-basketball-shoes-FqsGlx/HF0017-100,Jordan One Take 5 Quai 54 PF,Basketball Shoes,MRP : ₹ 8 695.00,₹ 8 257.00
146,https://www.nike.com/in/t/sportswear-chill-rib-slim-cardigan-d7gj11/FN3683-104,Nike Sportswear Chill Rib,Women's Slim Full-Zip Cardigan,MRP : ₹ 3 995.00,₹ 3 797.00
147,https://www.nike.com/in/t/air-max-1-easyon-shoes-K6x2mJ/DZ3309-109,Air Max 1 EasyOn,Baby/Toddler Shoes,MRP : ₹ 5 695.00,₹ 5 407.00
148,https://www.nike.com/in/t/max90-basketball-t-shirt-ZZj69N/FQ4915-121,Nike,Men's Max90 Basketball T-Shirt,MRP : ₹ 2 495.00,₹ 2 367.00
149,https://www.nike.com/in/t/sportswear-essential-short-sleeve-polo-top-VQF6ZT/DV7885-345,Nike Sportswear Essential,Women's Short-sleeve Polo Top,MRP : ₹ 1 895.00,₹ 1 797.00
150,https://www.nike.com/in/t/acg-older-hiking-shorts-4WqThZ/FN9223-402,Nike ACG,Older Kids' Hiking Shorts,MRP : ₹ 2 795.00,₹ 2 657.00
151,https://www.nike.com/in/t/air-max-plus-older-shoes-rQhBJR/CD0609-027,Nike Air Max Plus,Older Kids' Shoes,MRP : ₹ 9 995.00,₹ 9 497.00
152,https://www.nike.com/in/t/cosmic-unity-3-basketball-shoes-hcwmW0/DV2757-700,Cosmic Unity 3,Basketball Shoes,MRP : ₹ 13 995.00,₹ 13 297.00
153,https://www.nike.com/in/t/paris-saint-germain-2023-24-stadium-home-away-dri-fit-football-shorts-gjSgwt/DX2716-100,Paris Saint-Germain 2023/24 Stadium Home/Away,Men's Nike Dri-FIT Football Shorts,MRP : ₹ 2 795.00,₹ 2 657.00
154,https://www.nike.com/in/t/air-zoom-tr-1-workout-shoes-Zq4r1h/DX9016-706,Nike Air Zoom TR 1,Men's Workout Shoes,MRP : ₹ 10 795.00,₹ 10 257.00
155,https://www.nike.com/in/t/gt-cut-academy-ep-basketball-shoes-DTdMPk/FB2598-001,Nike G.T. Cut Academy EP,Basketball Shoes,MRP : ₹ 8 495.00,₹ 8 067.00
156,https://www.nike.com/in/t/attack-shoes-XjFwRL/FB8938-102,Nike Attack,Men's Shoes,MRP : ₹ 10 795.00,₹ 10 257.00
157,https://www.nike.com/in/t/air-jordan-xxxviii-low-pf-basketball-shoes-2lBnKn/FD2325-101,Air Jordan XXXVIII Low PF,Basketball Shoes,MRP : ₹ 17 295.00,₹ 16 427.00
158,https://www.nike.com/in/t/air-max-pulse-shoes-V9B1C5/FD6409-006,Nike Air Max Pulse,Women's Shoes,MRP : ₹ 13 995.00,₹ 13 297.00
159,https://www.nike.com/in/t/dri-fit-fleece-long-sleeve-fitness-crew-g2cPHl/FN3991-010,Nike,Men's Dri-FIT Fleece Long-Sleeve Fitness Crew,MRP : ₹ 3 595.00,₹ 3 417.00
160,https://www.nike.com/in/t/trail-aireez-running-gilet-w03RgZ/FN4005-121,Nike Trail Aireez,Men's Running Singlet,MRP : ₹ 5 495.00,₹ 5 217.00
161,https://www.nike.com/in/t/jordan-essentials-top-WndMwb/FN4500-100,Jordan Essentials,Women's Top,MRP : ₹ 1 995.00,₹ 1 897.00
162,https://www.nike.com/in/t/force-1-low-lv8-easyon-shoes-VpxGb2/FN4891-100,Nike Force 1 Low LV8 EasyOn,Baby/Toddler Shoes,MRP : ₹ 5 695.00,₹ 5 407.00
163,https://www.nike.com/in/t/sb-older-skate-coaches-jacket-gkpJrW/FN9214-247,Nike SB,Older Kids' Skate Coaches Jacket,MRP : ₹ 3 895.00,₹ 3 697.00
164,https://www.nike.com/in/t/acg-moc-shoes-VPq5x0/FV4572-300,Nike ACG Moc,Men's Shoes,MRP : ₹ 8 495.00,₹ 8 067.00
165,https://www.nike.com/in/t/sabrina-1-dedication-ep-basketball-shoes-TstbVg/HF5517-302,Sabrina 1 'Dedication' EP,Basketball Shoes,MRP : ₹ 12 295.00,₹ 11 677.00
166,https://www.nike.com/in/t/sportswear-club-t-shirt-K8nM0q/AR4999-622,Nike Sportswear Club,Men's T-Shirt,MRP : ₹ 1 295.00,₹ 1 227.00
167,https://www.nike.com/in/t/repel-trail-running-jacket-cHzXRg/DX1042-536,Nike Repel,Women's Trail-Running Jacket,MRP : ₹ 5 995.00,₹ 5 697.00
168,https://www.nike.com/in/t/air-max-1-easyon-shoes-K6x2mJ/DZ3309-103,Air Max 1 EasyOn,Baby/Toddler Shoes,MRP : ₹ 5 695.00,₹ 5 407.00
169,https://www.nike.com/in/t/one-french-terry-trousers-Xdhgvl/FB4684-010,Nike One (M),Women's French terry trousers (maternity),MRP : ₹ 3 995.00,₹ 3 797.00
170,https://www.nike.com/in/t/ja-dri-fit-dna-basketball-jersey-J2qhDj/FN2978-085,JA,Men's Dri-FIT DNA Basketball Jersey,MRP : ₹ 3 895.00,₹ 3 697.00
171,https://www.nike.com/in/t/team-hustle-d-11-se-shoes-t5075B/FN5007-001,Nike Team Hustle D 11 SE,Baby/Toddler Shoes,MRP : ₹ 5 095.00,₹ 4 837.00
172,https://www.nike.com/in/t/air-max-270-se-older-shoes-95qxhl/FQ4136-001,Nike Air Max 270 SE,Older Kids' Shoes,MRP : ₹ 9 995.00,₹ 9 497.00
173,https://www.nike.com/in/t/jordan-flight-pro-unstructured-5-panel-cap-1d6ZXh/FV5300-203,Jordan Flight Pro,Unstructured 5-Panel Cap,MRP : ₹ 1 995.00,₹ 1 897.00
174,https://www.nike.com/in/t/sportswear-woven-oversized-shorts-P7b8F9/HF4571-250,Nike Sportswear,Men's Woven Oversized Shorts,MRP : ₹ 3 595.00,₹ 3 417.00
175,https://www.nike.com/in/t/air-max-scorpion-flyknit-shoes-DP54Sv/DJ4702-002,Nike Air Max Scorpion Flyknit,Women's Shoes,MRP : ₹ 22 995.00,₹ 21 847.00
176,https://www.nike.com/in/t/dynamo-2-easyon-shoes-lmGSBM/FD0554-400,Nike Dynamo 2 EasyOn,Baby/Toddler Shoes,MRP : ₹ 4 295.00,₹ 4 077.00
177,https://www.nike.com/in/t/flyknit-bloom-shoes-xQ1Jdr/FD2149-001,Nike Flyknit Bloom,Women's Shoes,MRP : ₹ 13 995.00,₹ 13 297.00
178,https://www.nike.com/in/t/air-jordan-legacy-312-low-shoes-6Vd4Xl/CD7069-101,Air Jordan Legacy 312 Low,Men's Shoes,MRP : ₹ 12 995.00,₹ 12 347.00
179,https://www.nike.com/in/t/dunk-low-older-shoes-GxZFcV/DH9765-302,Nike Dunk Low,Older Kids' Shoes,MRP : ₹ 6 495.00,₹ 6 167.00
180,https://www.nike.com/in/t/air-jordan-1-low-se-craft-shoes-q1ktlR/DN1635-002,Air Jordan 1 Low SE Craft,Men's Shoes,MRP : ₹ 10 295.00,₹ 9 777.00
181,https://www.nike.com/in/t/dunk-low-retro-shoes-l5qCQT/DQ7683-001,Nike Dunk Low Retro,Men's Shoes,MRP : ₹ 9 695.00,₹ 9 207.00
182,https://www.nike.com/in/t/jordan-23-7-younger-shoes-ZlBBQP/DQ9293-616,Jordan 23/7,Younger Kids' Shoes,MRP : ₹ 4 995.00,₹ 4 747.00
183,https://www.nike.com/in/t/dunk-low-retro-se-shoes-V9t711/DV0834-100,Nike Dunk Low Retro SE,Men's Shoes,MRP : ₹ 9 695.00,₹ 9 207.00
184,https://www.nike.com/in/t/dunk-low-disrupt-2-shoes-rmbZnK/DV4024-002,Nike Dunk Low Disrupt 2,Women's Shoes,MRP : ₹ 9 695.00,₹ 9 207.00
185,https://www.nike.com/in/t/tanjun-easyon-older-shoes-d4k4n8/DX9041-800,Nike Tanjun EasyOn,Older Kids' Shoes,MRP : ₹ 5 095.00,₹ 4 837.00
186,https://www.nike.com/in/t/air-max-1-shoes-h0SzNM/DZ2628-107,Nike Air Max 1,Women's shoes,MRP : ₹ 12 795.00,₹ 12 157.00
187,https://www.nike.com/in/t/air-humara-shoes-gKlrMG/FB9982-500,Nike Air Humara,Women's Shoes,MRP : ₹ 14 995.00,₹ 14 247.00
188,https://www.nike.com/in/t/flyknit-haven-shoes-Rl3vMk/FD2148-003,Nike Flyknit Haven,Women's Shoes,MRP : ₹ 10 795.00,₹ 10 257.00
189,https://www.nike.com/in/t/air-max-1-se-easyon-younger-shoes-FXX284/FJ3285-200,Nike Air Max 1 SE EasyOn,Younger Kids' Shoes,MRP : ₹ 6 995.00,₹ 6 647.00
190,https://www.nike.com/in/t/jordan-woven-solid-top-h5md0b/FN5763-304,Jordan,Women's Woven Solid Top,MRP : ₹ 3 995.00,₹ 3 797.00
191,https://www.nike.com/in/t/one-older-dri-fit-leggings-mj2Xt1/FN9013-084,Nike One,Older Kids' (Girls') Dri-FIT Leggings,MRP : ₹ 1 795.00,₹ 1 707.00
192,https://www.nike.com/in/t/sportswear-amplify-older-woven-shorts-R1CCcX/FN9131-010,Nike Sportswear Amplify,Older Kids' Woven Shorts,MRP : ₹ 2 495.00,₹ 2 367.00
193,https://www.nike.com/in/t/dri-fit-trail-running-crew-socks-jpnMKv/CU7203-010,Nike Dri-FIT,Trail-Running Crew Socks,MRP : ₹ 1 495.00,₹ 1 417.00
